timestamp,temp,pressure,vibration,label
2025-09-24 14:08:00,0.9265170511079363,0.680611091549705,-0.7676882384950344,abnormal
2025-09-24 14:09:00,-0.22738826386949051,0.870755381831006,-0.3922849071818592,normal
2025-09-24 14:10:00,1.0776500867969818,1.0674867740324712,-0.5426340164658008,normal
2025-09-24 14:11:00,0.6554172321136226,-0.06967357781391512,-0.2737930862449996,normal
2025-09-24 14:12:00,-1.1986128535434957,-0.16083250483648878,0.6573049698019007,abnormal
2025-09-24 14:13:00,1.499708239070642,0.9422514344191069,0.8118124000506399,abnormal
2025-09-24 14:14:00,0.7456753289173332,-0.45902250133757083,1.7681415822601634,abnormal
2025-09-24 14:15:00,0.8190317193708055,0.887697050010346,1.8373529004681082,abnormal
2025-09-24 14:16:00,-1.2435938099242732,-0.1491312619308909,2.5315510376662247,abnormal
2025-09-24 14:17:00,-0.256648857989691,-0.8512504372312459,2.5778308180890797,abnormal
2025-09-24 14:18:00,-0.38819172844632177,-1.2551728270577822,-0.07358369462315725,normal
2025-09-24 14:19:00,1.4147313861032074,0.8404536702138914,-0.12783072057002193,normal
2025-09-24 14:20:00,0.4584261149433272,-1.2069302914752564,-0.1401765083510966,normal
2025-09-24 14:21:00,0.8775176612171257,-0.15139957444004934,0.3586456506172261,abnormal
2025-09-24 14:22:00,-0.17979413425869073,-0.83865963035834,-0.44520587467463413,normal
2025-09-24 14:23:00,-0.8543633965357148,-0.7016180982117862,-0.4682864617998894,normal
2025-09-24 14:24:00,0.3110956397267457,-1.0461163184787352,-0.2838968211513376,normal
2025-09-24 14:25:00,-1.4466263814635245,0.7116043354220486,0.20396990003459095,normal
2025-09-24 14:26:00,1.0097442405778558,-0.9153130388948197,-0.4954951247240725,normal
2025-09-24 14:27:00,0.5278322105123197,1.018237806187735,-0.2507497871521375,normal
2025-09-24 14:28:00,0.8447740737779902,1.011563028594099,0.4817506312744325,abnormal
2025-09-24 14:29:00,-0.4107033174641211,-0.5196591875491156,-0.047821952647177285,normal
2025-09-24 14:30:00,1.4889529596664177,-0.9578204610002664,0.34581804267608235,abnormal
2025-09-24 14:31:00,1.259723937360616,0.1929891492064029,-0.1362166567233089,normal
2025-09-24 14:32:00,0.9287709552504456,-1.2755037125683502,-0.021206443443898628,normal
2025-09-24 14:33:00,-0.9968186867319837,-0.4654994435122723,-0.36902860967376316,normal
2025-09-24 14:34:00,-0.03999992155270051,1.2990666467459464,0.2869908370611136,normal
2025-09-24 14:35:00,-1.5039754413403974,1.135546228254167,-0.1676609718737429,normal
2025-09-24 14:36:00,-1.0518567937625296,0.5112214349470353,0.26916521555904327,normal
2025-09-24 14:37:00,0.5930387449011839,-0.9077693661496485,-0.2554114077611363,normal
2025-09-24 14:38:00,0.7363661575741147,0.6080868381801654,0.01667405104633721,normal
2025-09-24 14:39:00,1.4703890417375725,0.6992940124212396,-0.05064167593620063,normal
2025-09-24 14:40:00,-0.574695374621437,-0.2592575986391909,-0.04163710385872067,normal
2025-09-24 14:41:00,-0.4631585449837041,0.6373933675517073,0.12178045621838011,normal
2025-09-24 14:42:00,-0.10819842411975704,-1.3347327343518425,12.537717404020611,abnormal
2025-09-24 14:43:00,-1.031412456592369,-0.7063469238754371,0.30156316865264005,normal
2025-09-24 14:44:00,-1.1284421572652075,0.13760170080754283,-0.33158081742995055,normal
2025-09-24 14:45:00,-0.1387967203614449,-0.9636452038776632,-0.5683259327073771,normal
2025-09-24 14:46:00,-0.8006580024291514,-1.0783991668773676,-0.29889992418721045,normal
2025-09-24 14:47:00,0.466521615630108,1.5173307094054829,-0.34460078596750715,abnormal
2025-09-24 14:48:00,-0.22288375145718178,1.2047600394780476,-0.476045711870038,normal
2025-09-24 14:49:00,1.0108971413472925,-0.043955848335249466,0.03670528179374963,normal
2025-09-24 14:50:00,0.7186326501827665,1.0359029201571404,0.1353505965494813,normal
2025-09-24 14:51:00,-0.5571820316559307,1.4013684878265311,0.0664473006797909,abnormal
2025-09-24 14:52:00,1.0354219477201465,-1.385273165879508,-0.4492156694349411,normal
2025-09-24 14:53:00,0.9938546586557213,0.15145096102766836,-0.1957763012992349,normal
2025-09-24 14:54:00,-0.4747065364445666,-0.33577691498660894,-0.23291225488319992,normal
2025-09-24 14:55:00,-0.6557537277546679,-1.4736217520737513,0.15967832598852597,abnormal
2025-09-24 14:56:00,0.70511021677472,1.0132059452600652,0.31873223413333485,normal
2025-09-24 14:57:00,-1.1096020718676547,-0.024822428101066638,-0.45097007321456767,normal
2025-09-24 14:58:00,-0.9254327231625011,-0.4464319322118914,-0.0863190756807952,normal
2025-09-24 14:59:00,-1.4977773431253307,-0.48621413890839976,-0.2722645251813653,normal
2025-09-24 15:00:00,0.9628747906884366,-0.7103367251390639,-0.3475072693291729,normal
2025-09-24 15:01:00,0.39993672718687334,1.1007712389399118,-0.3941228723399989,normal
2025-09-24 15:02:00,0.5457820227407936,-0.8288344555271743,-0.3528282577631491,normal
2025-09-24 15:03:00,0.9006112786049378,-0.704909331172686,-0.07748938616250271,normal
2025-09-24 15:04:00,-0.1640910740230178,-0.5937366591230597,0.23705739956955202,normal
2025-09-24 15:05:00,0.3063306462420592,-0.22310620825126815,-0.24078852319386188,normal
2025-09-24 15:06:00,-1.1374647619646345,0.38252898036191635,-0.04014996608854929,normal
2025-09-24 15:07:00,-1.3178391604420108,0.09770879715081221,-0.21491736820640528,normal
2025-09-24 15:08:00,0.456692512198226,-1.1532341072855916,0.24543472506833897,normal
2025-09-24 15:09:00,-0.25330382813351743,-0.9359776433830307,0.2036216348656411,normal
2025-09-24 15:10:00,0.19862010984561365,0.9647820541558115,-0.42927965310753824,normal
2025-09-24 15:11:00,0.8264527890327128,0.34401066971222394,-0.30125293320618685,normal
2025-09-24 15:12:00,0.40409003084150247,0.028622684348474307,-0.06038037106457716,normal
2025-09-24 15:13:00,0.2443077387808741,0.04845792076960347,0.39810803220225366,abnormal
2025-09-24 15:14:00,0.26940062540892357,0.8626911791067187,-0.2685928007815789,normal
2025-09-24 15:15:00,-0.6148418152135106,-1.943477849845834,-0.03594264971396114,abnormal
2025-09-24 15:16:00,-1.5922627213790856,-0.32479897191759316,-0.4655079425128898,abnormal
2025-09-24 15:17:00,-0.150185305492904,-0.037534554711872066,-0.3366933322936985,normal
2025-09-24 15:18:00,-0.8490162563705059,-0.09917416284030553,0.3679883977396418,abnormal
2025-09-24 15:19:00,-0.257640676988018,0.7959740357515659,0.0238703726622205,normal
2025-09-24 15:20:00,1.1762309328125158,1.0401641399823656,-0.18012244585799816,normal
2025-09-24 15:21:00,-0.8960978725950954,2.4574426131528173,0.28134566808780337,abnormal
2025-09-24 15:22:00,-0.8960978725950954,3.7484607686058955,0.28134566808780337,abnormal
2025-09-24 15:23:00,-0.7348128415204115,0.2007937142755729,-0.18165398462941815,normal
2025-09-24 15:24:00,-0.5897010281470294,0.983229725735274,-0.24385891915460306,normal
2025-09-24 15:25:00,-0.5897010281470294,0.983229725735274,-0.40655239905495155,normal
2025-09-24 15:26:00,0.1293951933406327,0.6744761271743454,0.05560579614243373,normal
2025-09-24 15:27:00,0.9922491912963176,-0.37177278393140506,-0.23026977773397242,normal
2025-09-24 15:28:00,0.5069149157454067,0.23542321577407682,-0.33913333804417733,normal
2025-09-24 15:29:00,-0.231145372756356,0.25282302244104643,0.29688499728227286,normal
2025-09-24 15:30:00,1.006433820817854,-0.5734817225546671,0.20206337664686413,normal
2025-09-24 15:31:00,-1.03928964797322,-0.503198647129162,0.28490550180273405,normal
2025-09-24 15:32:00,-1.3987137299594248,0.7528188513722537,0.2945053286142056,normal
2025-09-24 15:33:00,-1.2881953097804202,0.07146966032201096,0.004882143275941686,normal
2025-09-24 15:34:00,0.5934167253100654,-0.7192800781300938,0.04933354284580909,normal
2025-09-24 15:35:00,-0.1603549924254281,-0.3206824516017763,0.38572674309182714,abnormal
2025-09-24 15:36:00,-1.0160698928222787,-0.8338954390367803,-0.43186804670254286,normal
2025-09-24 15:37:00,0.037190459385651645,-1.6286377122498295,-0.13101284188677195,abnormal
2025-09-24 15:38:00,-1.1766424336963095,1.3701615465874495,-0.6562589751717147,abnormal
2025-09-24 15:39:00,0.5780521473206842,-0.49350608713999106,-0.037036419495757936,normal
2025-09-24 15:40:00,-0.195678295656409,-0.2251322020588664,-0.4280816729464031,normal
2025-09-24 15:41:00,-0.3859263264104271,1.040711243018918,-0.698143926681756,abnormal
2025-09-24 15:42:00,-0.6979005386998102,-1.2675791914158143,-0.021819699891612768,normal
2025-09-24 15:43:00,0.3774537646673931,-0.46439752111361354,-0.3036029044217134,normal
2025-09-24 15:44:00,-0.468743903758711,0.40757512654389877,-0.7378748949715788,abnormal
2025-09-24 15:45:00,-1.2326135512858019,-0.14459131206269804,0.26608961183243746,normal
2025-09-24 15:46:00,-1.135290979248711,1.1432140859303266,0.3955290803199089,abnormal
2025-09-24 15:47:00,1.4451272267153499,0.015619425321508845,-0.266615886324906,normal
2025-09-24 15:48:00,1.2629147683651458,-0.4740879621444727,-0.585662578284644,normal
2025-09-24 15:49:00,0.6427261237132669,1.1765490156236882,-0.3132148881602058,normal
2025-09-24 15:50:00,-0.7744106951451312,1.1681581513371306,0.31903691750317215,normal
2025-09-24 15:51:00,1.4052639393429864,0.6957942306189447,0.41072426916656535,abnormal
2025-09-24 15:52:00,0.8224335380547904,1.1728141266859662,-0.3467517456296853,normal
2025-09-24 15:53:00,0.6480080967960085,0.7124234684505046,-0.03266366136205454,normal
2025-09-24 15:54:00,-0.22205153591406693,1.257830358278491,-0.5038809373827523,normal
2025-09-24 15:55:00,-0.6932423080062561,-1.0837679141451033,-0.20396882121767912,normal
2025-09-24 15:56:00,-1.2078832180615193,0.7694667466537793,0.05831244686841487,normal
2025-09-24 15:57:00,1.1694349477428028,-0.23321354207212805,-0.3906328993103905,normal
2025-09-24 15:58:00,-0.12761007711789174,0.037102723828168614,-0.16632328526179313,normal
2025-09-24 15:59:00,-0.9357626693503638,0.022055374237136778,-0.14322819145982088,normal
2025-09-24 16:00:00,-0.5765342107978646,0.7325382123440335,0.16810226755816382,normal
2025-09-24 16:01:00,0.256208209067819,1.2445491399643476,0.28383452617138305,normal
2025-09-24 16:02:00,-1.0930163531971304,-0.5810260794449045,0.2930232798583771,normal
2025-09-24 16:03:00,1.0458756467729662,0.2740463778700685,-0.5223297659658804,normal
2025-09-24 16:04:00,0.8198103044682242,0.6624754890830802,-0.6298895290759555,normal
2025-09-24 16:05:00,0.7601503788490587,-0.4217206291663857,-0.020025857773830796,normal
2025-09-24 16:06:00,-0.3418215243097879,-1.6403361488723534,0.774785103560525,abnormal
2025-09-24 16:07:00,0.4291007315171828,-1.5272499484204032,2.3585537354213693,abnormal
2025-09-24 16:08:00,0.34671636671542055,0.8589857675794536,2.775849489299929,abnormal
2025-09-24 16:09:00,0.46840398103157627,0.0632472456669651,3.5008783941173465,abnormal
2025-09-24 16:10:00,-1.2564914206505264,1.0021188676167454,0.14760235535028216,normal
2025-09-24 16:11:00,-0.29821957614190436,-0.0674804358476183,-0.4251301265238385,normal
2025-09-24 16:12:00,-1.4323840561162096,1.5789707680035372,-0.16862924095632037,abnormal
2025-09-24 16:13:00,-0.11104844458324964,-0.044226050814954954,0.03333028601743921,normal
2025-09-24 16:14:00,-0.6698043783109003,0.765814945192793,-0.14866081343133664,normal
2025-09-24 16:15:00,-1.0439645108852178,-1.283891336571465,0.22323894543782746,normal
2025-09-24 16:16:00,-1.29323735104652,-0.03531452683850343,0.031164890919759075,normal
2025-09-24 16:17:00,0.2548730057729003,0.943520510278101,0.4050548006458604,abnormal
2025-09-24 16:18:00,-1.1081481976547325,1.2055131866288944,0.20074709809054894,normal
2025-09-24 16:19:00,1.2509662485455908,1.0442892362848633,0.1676938845770697,normal
2025-09-24 16:20:00,0.251902028718684,-1.2505511286094098,-0.48476244167227694,normal
2025-09-24 16:21:00,-0.515553919138387,-0.13956328982635496,0.1624078281851665,normal
2025-09-24 16:22:00,0.31725937856939557,8.16946934221071,0.06631041965668498,abnormal
2025-09-24 16:23:00,-1.4554484894675317,-0.8725679115955598,-0.456473642918921,normal
2025-09-24 16:24:00,1.4638821890764155,0.7060222720780791,-0.019329725017983482,normal
2025-09-24 16:25:00,-0.031260973850419614,0.35004527692140947,-0.19253600282736574,normal
2025-09-24 16:26:00,0.9924525770865594,0.24043764496369838,-0.872918149522856,abnormal
2025-09-24 16:27:00,-1.3630823723885896,1.413177564765012,0.15584541089137788,abnormal
2025-09-24 16:28:00,-0.036003311601042344,0.713465389627133,-0.3821454137516828,normal
2025-09-24 16:29:00,0.05097439221866172,0.34075309385952235,0.32138439281167774,normal
2025-09-24 16:30:00,1.4580663290931768,-1.4499263209725861,0.1470795229575975,abnormal
2025-09-24 16:31:00,0.14461853867666033,-0.5320048267489601,0.17898931712885666,normal
2025-09-24 16:32:00,-0.09331028882994731,0.24325016940544208,-0.0709608275784009,normal
2025-09-24 16:33:00,-0.6348779052146089,0.8283545211176936,-0.46421057985077496,normal
2025-09-24 16:34:00,-0.4859817334522818,-0.9911410013177533,-0.06478569348981018,normal
2025-09-24 16:35:00,0.08606709685112536,-0.26229895707890816,0.10159224424769733,normal
2025-09-24 16:36:00,-0.19556592437001977,0.25298035876960817,-0.04985256659196574,normal
2025-09-24 16:37:00,-1.511507910298255,-1.2489363002652496,0.025652619263222997,normal
2025-09-24 16:38:00,1.04803375328814,-0.17851094773653736,-0.7478100786024396,abnormal
2025-09-24 16:39:00,1.2327973156966983,1.208417212038048,0.32473620686575555,abnormal
2025-09-24 16:40:00,-1.1189936996942562,0.706980210140062,-0.6395373420902453,normal
2025-09-24 16:41:00,0.18314786445301134,-0.680915629542108,-0.5534151793122267,normal
2025-09-24 16:42:00,-1.2578494067523196,1.0887815140807673,-0.3980575495817375,normal
2025-09-24 16:43:00,0.5813344986283641,-0.5034680767623195,-0.6782028426876751,abnormal
2025-09-24 16:44:00,-0.4929018127459697,0.9731143986090169,-0.5950235769948525,normal
2025-09-24 16:45:00,0.3967499065823379,-0.5375691264853949,-0.509520147027434,normal
2025-09-24 16:46:00,0.7396153924009521,0.29242336257553037,-0.33488641803018115,normal
2025-09-24 16:47:00,0.8020891435254159,-0.08567787506432822,0.34466371411426394,abnormal
2025-09-24 16:48:00,-1.1819044915102246,-0.08567787506432822,-0.710619999222953,abnormal
2025-09-24 16:49:00,1.3136072055132317,1.0592768384874582,-0.11324213774451584,normal
2025-09-24 16:50:00,-0.7871983035639424,-1.0952763146153004,0.37416382153981453,abnormal
2025-09-24 16:51:00,-1.3645072357423627,-1.136764172198323,-0.4518322750863241,normal
2025-09-24 16:52:00,0.19282380657163398,-0.45672693176494905,-0.5830419350309769,normal
2025-09-24 16:53:00,-0.32381964958615767,0.6361616233397432,0.165056099006591,normal
2025-09-24 16:54:00,0.8942569408577212,1.4359189715152962,0.34742539454815846,abnormal
2025-09-24 16:55:00,1.0730754457484437,1.211430537007442,0.08897760827976608,normal
2025-09-24 16:56:00,-0.539450282511501,-0.4581944408896282,0.02882644464517446,normal
2025-09-24 16:57:00,1.493541152441762,0.025838597415880737,-0.5614435001414433,normal
2025-09-24 16:58:00,-0.7212818444956579,-0.9855556919207393,-0.2503796918301051,normal
2025-09-24 16:59:00,0.0042991586072741676,0.8331270167303186,-0.0744888155101395,normal
2025-09-24 17:00:00,-0.7451730207132641,1.248269322005594,-0.4040727847903871,normal
2025-09-24 17:01:00,1.372298498442269,0.6260869465722032,0.08342121650985887,normal
2025-09-24 17:02:00,-1.0224096911256548,0.02733332198070828,0.008059899163246802,normal
2025-09-24 17:03:00,-1.3467425136017337,-0.40702770788223674,0.2558262229501712,normal
2025-09-24 17:04:00,-0.3043308096524773,1.1944700439679896,-0.2433257515127228,normal
2025-09-24 17:05:00,1.610535946483634,0.20923246823551161,-0.3202051237831147,abnormal
2025-09-24 17:06:00,1.2350799633834415,-0.9315614501015302,-0.3366264742067767,normal
2025-09-24 17:07:00,0.7742095450928338,-0.038713562981416656,-0.5283556591435258,normal
2025-09-24 17:08:00,1.1397441095637362,-1.229914759949975,0.16723792816071875,normal
2025-09-24 17:09:00,1.271573752529927,-0.924732717747013,-0.5427443430241407,normal
2025-09-24 17:10:00,-0.08287993396186162,-0.5969884982717794,-0.7024785139539178,abnormal
2025-09-24 17:11:00,-0.5261326225547689,-0.03482988245532287,-0.6133095284442814,normal
2025-09-24 17:12:00,0.766819667486531,0.15716130010913318,-0.26546768459156994,normal
2025-09-24 17:13:00,0.5182868633356069,-0.6360007681780365,0.12841232824404328,normal
2025-09-24 17:14:00,-0.3935521454768898,-0.49247062028003724,-0.021584937342093005,normal
2025-09-24 17:15:00,-1.1863832391326787,1.5039980417416883,0.23838117575801548,abnormal
2025-09-24 17:16:00,0.7700927480431835,0.5772858058339584,-0.4700424802493834,normal
2025-09-24 17:17:00,-0.7774163524308919,0.13243943929776256,0.33422867018161845,abnormal
2025-09-24 17:18:00,1.3440734823220468,-0.6241224813468531,-0.36439618618032105,normal
2025-09-24 17:19:00,-0.7215699629235068,1.27675666159108,-0.5403054356936321,normal
2025-09-24 17:20:00,-1.137494916739191,-0.9751132736330387,0.38803512266514817,abnormal
2025-09-24 17:21:00,1.0209521731961098,-0.7900602864328563,0.1786386994095497,normal
2025-09-24 17:22:00,-1.0903427107952082,1.1705767654550614,0.1962210886239272,normal
2025-09-24 17:23:00,-1.092315651796702,0.2314592818893112,-0.544012750414716,normal
2025-09-24 17:24:00,0.3444070687722831,0.7422381750729244,-0.39254077448622593,normal
2025-09-24 17:25:00,1.0709017464754025,0.01213399059323093,-0.14835172790514606,normal
2025-09-24 17:26:00,-0.893508450481272,0.5928407677802001,-0.3915056522144766,normal
2025-09-24 17:27:00,-0.5761922371853917,-0.7702489637534827,0.13088160750688868,normal
2025-09-24 17:28:00,1.0264077687937379,-0.8685378070759747,-0.243445596995951,normal
2025-09-24 17:29:00,1.4164766484285387,-0.7617334843222441,-0.21373155036051072,normal
2025-09-24 17:30:00,0.005069451089324141,-0.6038834491286346,0.10596864075827514,normal
2025-09-24 17:31:00,-0.99239403637391,1.1875043848351978,-0.16506776800851655,normal
2025-09-24 17:32:00,-1.4369604238984914,-0.44403223346103715,-0.6805995209580831,abnormal
2025-09-24 17:33:00,-0.8801770319098124,0.49675468056332356,-0.5799289250930988,normal
2025-09-24 17:34:00,-1.1286795785650898,1.559965296935206,-0.12114192867764223,abnormal
2025-09-24 17:35:00,0.5651159602190043,0.2953667107617345,-0.21412864463251569,normal
2025-09-24 17:36:00,-1.1563046259646852,-0.38688595134566195,-0.3962383006040071,normal
2025-09-24 17:37:00,-0.014739432867171075,-0.24927992970087604,-0.33521291129661707,normal
2025-09-24 17:38:00,0.6113479003256684,1.110484403850016,0.188306233095676,normal
2025-09-24 17:39:00,0.16296062926396568,0.16882839010856096,0.36282562774118393,abnormal
2025-09-24 17:40:00,-0.9216419832749201,0.7672422468541699,-0.1695598590843999,normal
2025-09-24 17:41:00,0.988805760975613,0.7568594384591982,-0.2018804479667773,normal
2025-09-24 17:42:00,0.6688593995635462,0.8672945549947614,-0.41794722417680374,normal
2025-09-24 17:43:00,0.6557952813733865,-0.8654308810634764,-0.08717839507470033,normal
2025-09-24 17:44:00,-1.083231482645946,0.28814758449821914,-0.11341360997216116,normal
2025-09-24 17:45:00,-1.145127259793759,-0.9689479493307213,-0.0256139557800607,normal
2025-09-24 17:46:00,1.3014034728337307,0.5709603648876115,-0.24783097601468082,normal
2025-09-24 17:47:00,-0.3288164193652259,1.1335292145168123,-0.5152235733506585,normal
2025-09-24 17:48:00,-0.7074692948499751,0.6028916492883194,-0.4651049557515303,normal
2025-09-24 17:49:00,-0.09070247239525026,-0.1345172114048003,-0.47183597559798784,normal
2025-09-24 17:50:00,0.485053892214829,-1.8015219825087934,0.3646135042990369,abnormal
2025-09-24 17:51:00,1.511484754002258,0.9729013500441492,-0.1200322445560441,normal
2025-09-24 17:52:00,-0.6989569243872263,-1.5835165494997614,-0.6942023004477627,abnormal
2025-09-24 17:53:00,1.378273712560518,-1.2707301667332611,0.23653992125238565,normal
2025-09-24 17:54:00,-1.5110163942156076,-0.7458302068015324,-0.4452896190155005,normal
2025-09-24 17:55:00,0.19737931444814302,-1.3370033429359998,-0.21931232861582559,normal
2025-09-24 17:56:00,0.4194767342794527,0.4143411612094403,0.4465461904675815,abnormal
2025-09-24 17:57:00,-1.1691726800579627,0.1802204795393665,-0.8645325002750883,abnormal
2025-09-24 17:58:00,-1.1495101720246648,-0.3302098233285878,-0.6225095962407549,normal
2025-09-24 17:59:00,-0.3422768493974605,-1.5041230221545543,-0.22817147289563905,abnormal
2025-09-24 18:00:00,1.3813404219199035,-1.356238564041794,-0.4651131729459403,normal
2025-09-24 18:01:00,0.2763693327277352,0.4345697317729454,-0.040822703839560534,normal
2025-09-24 18:02:00,1.2857599423344526,0.3385124957308374,-0.23494546391707571,normal
2025-09-24 18:03:00,0.9870544416862104,2.289285966812541,-0.4106400276807596,abnormal
2025-09-24 18:04:00,-0.12201816227789745,2.156931261892652,-0.37295141579968094,abnormal
2025-09-24 18:05:00,1.0486571972720302,-0.5546514570437836,-0.21500591099593083,normal
2025-09-24 18:06:00,-1.6080352809916514,-0.36473803822534506,-0.41759073745473674,abnormal
2025-09-24 18:07:00,-1.2009021878572999,-0.4673158536034967,-0.6397828304203665,normal
2025-09-24 18:08:00,0.9692353869941602,-1.5319950443819257,0.3114242246267131,abnormal
2025-09-24 18:09:00,0.9069128471321415,-1.1290565114009337,-0.496448355175075,normal
2025-09-24 18:10:00,-0.8184274899138677,1.0067117280752327,-0.17488018515156847,normal
2025-09-24 18:11:00,-0.040062531015480886,-1.2188107144997131,-0.4194583744528483,normal
2025-09-24 18:12:00,0.3556701108729449,0.3045735867020049,-0.26876195613303533,normal
2025-09-24 18:13:00,1.2787365687214554,-0.6500999087274241,-0.41444497816881753,normal
2025-09-24 18:14:00,0.30337944094112684,-1.6498341092369448,0.0035348991516200062,abnormal
2025-09-24 18:15:00,-0.24809464162364878,-1.6600518636775048,-0.8614952283857203,abnormal
2025-09-24 18:16:00,-0.32031832440768865,-1.178649621424294,0.258074415534337,normal
2025-09-24 18:17:00,-0.2329671268045465,-1.824812322247532,0.23772396897041523,abnormal
2025-09-24 18:18:00,0.4481488363676461,-3.609689928365551,-0.5557894326029698,abnormal
2025-09-24 18:19:00,1.0164965696973778,-3.9126203610582015,-0.43861751313754005,abnormal
2025-09-24 18:20:00,-0.09495464887935917,-0.3673735081746821,-0.5443046961964975,normal
2025-09-24 18:21:00,-0.7868068939684965,0.41842072236000966,-0.2111761568596704,normal
2025-09-24 18:22:00,-0.8780593162163972,0.2506307014418362,-0.5475472558758298,normal
2025-09-24 18:23:00,0.7867670766512789,-0.7574872721531622,0.18922113950713423,normal
2025-09-24 18:24:00,0.9630583558089165,-0.47667547652110626,0.10120239742003106,normal
2025-09-24 18:25:00,-1.2588028471059947,1.1405857873196148,0.1714064752021156,normal
2025-09-24 18:26:00,-1.3089377032313574,-1.433275435722854,0.014594137388351325,abnormal
2025-09-24 18:27:00,0.2208717714128517,-0.5306564759649971,0.16142043306746967,normal
2025-09-24 18:28:00,-1.0322635401161824,0.5918471189116354,-0.5767840358183992,normal
2025-09-24 18:29:00,0.9374520309557531,-1.1861030084924005,-0.06975644209320239,normal
2025-09-24 18:30:00,-0.6256719151589193,-1.234575972512777,-0.5833466801830796,normal
2025-09-24 18:31:00,-0.9846739906001551,-1.226808109385414,0.2985886261101289,normal
2025-09-24 18:32:00,1.396747462185922,0.8336789588898125,-0.17198928700002486,normal
2025-09-24 18:33:00,-1.0311239522692035,-1.2985389891278951,0.08096169925399763,normal
2025-09-24 18:34:00,-0.7231929129358549,-0.8295400288047045,-0.6115161438716668,normal
2025-09-24 18:35:00,-1.1076356587981988,-1.1432666001646135,0.2769321750894012,normal
2025-09-24 18:36:00,-1.1892047692802867,-0.4839489096880098,0.10440989728406923,normal
2025-09-24 18:37:00,-1.4865969697610428,0.3914516553861303,-0.35096567684848456,normal
2025-09-24 18:38:00,-1.3874855918682194,-0.5912750767287412,0.12434897076716925,normal
2025-09-24 18:39:00,-1.0106599576537734,-0.12067091848002555,-0.4656416052497349,normal
2025-09-24 18:40:00,-1.4015126973689283,-0.120537076084215,-0.009903115086031032,normal
2025-09-24 18:41:00,0.20409711709983433,1.3799717224554193,-0.14650602879073998,abnormal
2025-09-24 18:42:00,0.5422325508520836,-1.629005857833704,-0.5248682623967299,abnormal
2025-09-24 18:43:00,-0.26638043736530864,0.6691756917947866,-0.3928833099529157,normal
2025-09-24 18:44:00,-0.6458706597409114,0.30170620301413587,-0.5951465232947123,normal
2025-09-24 18:45:00,0.01147419257933117,-0.9660435887597215,-0.5792206822997086,normal
2025-09-24 18:46:00,1.1311082634571334,0.4870744179659491,0.5493715668926205,abnormal
2025-09-24 18:47:00,1.1146794590295817,0.8780086865633071,0.1269590227679175,normal
2025-09-24 18:48:00,-1.4434105286696717,-0.35212826913632916,-0.42183735352285945,normal
2025-09-24 18:49:00,-0.8948359382147929,0.91427080988976,-0.1557874873898529,normal
2025-09-24 18:50:00,-0.7827386986444355,-0.5227536540476319,-0.34827390685099935,normal
2025-09-24 18:51:00,-0.8569639508325497,0.5282730393136822,-0.29033553123660377,normal
2025-09-24 18:52:00,0.27402981942536236,1.4518387144369818,0.39927714194564184,abnormal
2025-09-24 18:53:00,-0.3012750319227638,-0.5656249530222479,0.42548575240979025,abnormal
2025-09-24 18:54:00,-1.4371165017504164,0.410858349558171,-0.1145904273797195,normal
2025-09-24 18:55:00,-0.36659591514664913,-0.7182198501074636,-0.3947069706085362,normal
2025-09-24 18:56:00,0.052717658064565014,0.7921583722791037,-0.23294588920599313,normal
2025-09-24 18:57:00,-1.1811535681503502,0.5821639462707653,0.013078715214830013,normal
2025-09-24 18:58:00,1.0039586889473753,-1.0787485644148649,-0.14153408999260617,normal
2025-09-24 18:59:00,-1.4312700196721309,-0.2741843872908769,-0.06496556231983149,normal
2025-09-24 19:00:00,1.297249371912481,-0.3302913707866847,-0.3436819866145475,normal
2025-09-24 19:01:00,-1.2804186931614387,-1.8279288963708564,-0.3182847975538377,abnormal
2025-09-24 19:02:00,1.1528484024557923,-1.0223891658461082,-0.15406901336981954,normal
2025-09-24 19:03:00,1.3082450818197306,-0.7613582195465107,-0.45257249651735926,normal
2025-09-24 19:04:00,1.6165353254444672,-1.2448492588488895,-0.45257249651735926,abnormal
2025-09-24 19:05:00,1.0959710488320573,-0.8659613604601417,-0.43628555188215534,normal
2025-09-24 19:06:00,0.8190444281662506,0.9017649774112415,0.16322329904312616,normal
2025-09-24 19:07:00,0.4593485852218049,0.7082083342768877,-0.14216207156268765,normal
2025-09-24 19:08:00,0.8084359305235119,-0.012447377879682723,-0.5382519000874265,normal
2025-09-24 19:09:00,-1.1828083576198605,-0.7326738661783868,-0.33537353102094014,normal
2025-09-24 19:10:00,0.08259039434961926,1.0946066133523713,0.008351593279232225,normal
2025-09-24 19:11:00,-0.012476073739740719,0.1894136018781244,-0.26702859954218144,normal
2025-09-24 19:12:00,1.0620437551468924,-0.9109278595071364,0.07603372792495541,normal
2025-09-24 19:13:00,-0.11623832846545447,-0.776682369968406,0.15138706337205907,normal
2025-09-24 19:14:00,-0.4264622137717413,0.6828165980204336,-0.33144335210604325,normal
2025-09-24 19:15:00,0.498499912116574,-0.9721086646947409,0.2562760174284816,normal
2025-09-24 19:16:00,-0.7788852068763894,-0.5019612788600831,-0.47435520857600016,normal
2025-09-24 19:17:00,-0.9420349978796824,1.211046652682291,0.38119856494880805,abnormal
2025-09-24 19:18:00,-0.08828177026277777,-1.2629507274534602,-0.12499385340950132,normal
2025-09-24 19:19:00,-0.2463364041425442,-1.6423522461481423,0.33226073644068527,abnormal
2025-09-24 19:20:00,-0.9085489543893557,1.513189449226717,-0.12046287462903718,abnormal
2025-09-24 19:21:00,-0.2985711493981899,0.4672716752597254,-0.6642920493596529,abnormal
2025-09-24 19:22:00,-0.33877689613479167,-1.004853578113299,-0.6697536490389666,abnormal
2025-09-24 19:23:00,-0.5119384841623293,0.23499269509124449,0.3953444163345455,abnormal
2025-09-24 19:24:00,-0.452201220678331,0.679055429235722,-0.02013890101502555,normal
2025-09-24 19:25:00,0.6034659692036674,0.6028172696539302,-0.6866263576997805,abnormal
2025-09-24 19:26:00,-0.696480057088117,0.16965004606441034,0.1416049555459938,normal
2025-09-24 19:27:00,1.5049565628191506,-1.1829316802370786,0.032534767902707505,normal
2025-09-24 19:28:00,1.3623781403736093,-0.9102217960455813,0.053405397857667805,normal
2025-09-24 19:29:00,-0.04457690526491727,0.24867043056759097,-0.290429310881173,normal
2025-09-24 19:30:00,-0.6802558299713928,-0.27507682307894815,-0.567009792591797,normal
2025-09-24 19:31:00,0.058500714826201165,0.5107824602636605,0.27049531203152904,normal
2025-09-24 19:32:00,1.1427022458508167,1.03488752587141,-0.26931129003140347,normal
2025-09-24 19:33:00,0.5624452728648359,-1.2387293260390089,0.21864176967080742,normal
2025-09-24 19:34:00,1.030885838911161,0.43975783854576583,-0.2826106683789375,normal
2025-09-24 19:35:00,0.011933744956224233,-0.12735280411733868,-0.10664788261198656,normal
2025-09-24 19:36:00,0.44388414539640897,1.2790727276363636,-0.4671941103811017,normal
2025-09-24 19:37:00,-0.5900523590134574,-1.1256332744186808,-0.5548909482396939,normal
2025-09-24 19:38:00,0.6402884433499633,0.41221443432878185,0.3191453697840043,normal
2025-09-24 19:39:00,-0.9223666146674848,0.44587375920044203,-0.18044664151789913,normal
2025-09-24 19:40:00,0.635747413163827,0.03036699587394905,-0.24011441393485827,normal
2025-09-24 19:41:00,1.1188878196193321,0.35596456216131406,0.21384176492579698,normal
2025-09-24 19:42:00,-1.2577077152460987,0.9254508849977969,0.4466112161060365,abnormal
2025-09-24 19:43:00,0.34663930805918053,0.42396039013008785,0.2805897042544467,normal
2025-09-24 19:44:00,-1.2780745444796044,1.4018269118328095,-0.382253357579359,abnormal
2025-09-24 19:45:00,1.255020155656441,1.107179948615401,-0.10758338517496396,normal
2025-09-24 19:46:00,-0.2281322217612407,-0.37594220857745325,0.2875232214064038,normal
2025-09-24 19:47:00,2.9921555001029363,-0.37594220857745325,-0.3761879764983857,abnormal
2025-09-24 19:48:00,1.0680777289448349,-1.4887542367141449,-0.5848757040501047,abnormal
2025-09-24 19:49:00,4.217221102122707,0.5539383649261983,0.280058190081535,abnormal
2025-09-24 19:50:00,0.9314613738393439,-0.718149155178165,-0.05220107625529864,normal
2025-09-24 19:51:00,0.9314613738393439,-0.718149155178165,-0.05220107625529864,unknown
2025-09-24 19:52:00,0.8991606527334388,-1.0284482400430703,0.1808062324140758,normal
2025-09-24 19:53:00,0.8122658318405008,0.9201493969756017,-0.041937627366263025,normal
2025-09-24 19:54:00,1.434447278491454,0.22845772013517132,0.01646407374113696,normal
2025-09-24 19:55:00,-0.7624169296828394,0.4904600713389753,-0.5650621795619472,normal
2025-09-24 19:56:00,0.29346619286574405,-0.6233339119120826,-0.2007004514306183,normal
2025-09-24 19:57:00,-1.1976258823481325,1.3249564357811436,-0.7301209562063711,abnormal
2025-09-24 19:58:00,0.2504159724016769,-0.6711187017419812,0.03165066371204304,normal
2025-09-24 19:59:00,-1.1427172571100055,-0.7634664886111768,0.11236480042502223,normal
2025-09-24 20:00:00,0.22950871350960517,1.347399368787643,-0.43093986311491994,normal
2025-09-24 20:01:00,0.23533249985457838,1.1339911263189557,-0.4286124564411851,normal
2025-09-24 20:02:00,-0.08659513992985349,-0.6692589482350341,0.20169765338126705,normal
2025-09-24 20:03:00,0.05106337873445084,0.002889307854994454,-0.6994710595107435,abnormal
2025-09-24 20:04:00,0.8764450185056708,0.54745484922905,-0.3537886183168211,normal
2025-09-24 20:05:00,1.0037370014373113,1.1358791778775614,-0.08339222506693254,normal
2025-09-24 20:06:00,0.01490852588894963,0.2667688059153538,0.13171355554194056,normal
2025-09-24 20:07:00,0.3044384004095017,0.2667688059153538,-0.36464151433158043,normal
2025-09-24 20:08:00,1.2264436980973539,0.764467015223888,-0.22212255371435533,normal
2025-09-24 20:09:00,-1.1323814636430642,0.9656954724257384,-0.23725804485486865,normal
2025-09-24 20:10:00,-1.1323814636430642,1.0757765169779414,0.051488527889425706,normal
2025-09-24 20:11:00,-1.2403736554393268,0.18054840683071627,-0.755826979056406,abnormal
2025-09-24 20:12:00,0.44801935975127716,-1.755694834498837,-0.19708898914305265,abnormal
2025-09-24 20:13:00,-0.20330467110423142,1.2369167939746075,-0.15674945631146214,normal
2025-09-24 20:14:00,0.9212508963838876,0.3797678508010187,-0.17044678499056318,normal
2025-09-24 20:15:00,0.6424198942639467,1.2079281553426695,-0.2307523664032204,normal
2025-09-24 20:16:00,-0.5661199654062053,-1.0674514423048957,-0.7041727699813064,abnormal
2025-09-24 20:17:00,1.2413200448089743,-0.5522175398128129,0.049668770269055924,normal
2025-09-24 20:18:00,0.8772807349586894,0.4065910087702316,-0.6841465444152136,abnormal
2025-09-24 20:19:00,-0.705129633775616,-1.7512634148220572,0.4135188715875555,abnormal
2025-09-24 20:20:00,-0.48562230434163217,1.3733286462144976,0.9637084407531599,abnormal
2025-09-24 20:21:00,-0.5454190509096642,-0.3615143715581662,2.1453796389663475,abnormal
2025-09-24 20:22:00,-1.025802018386753,0.45265784054369135,3.597618030789631,abnormal
2025-09-24 20:23:00,-1.087254060107464,1.0731715933711765,3.722289679981427,abnormal
2025-09-24 20:24:00,1.3873667572989337,0.4559956510459504,0.0657134296258775,normal
2025-09-24 20:25:00,-0.20128446180923298,-0.28239566940124755,0.2312886441846091,normal
2025-09-24 20:26:00,-0.2633693083162413,0.5722465000638695,0.14199268452100414,normal
2025-09-24 20:27:00,0.6714033090313437,0.43953932526732314,-0.2191092676687634,normal
2025-09-24 20:28:00,0.1382170916221321,0.14203593829392522,-0.25242027697755137,normal
2025-09-24 20:29:00,1.3743536048226659,0.21258555249834704,-0.45126293561401126,normal
2025-09-24 20:30:00,0.9411127866070441,0.6167888220023459,-0.04373333060929255,normal
2025-09-24 20:31:00,0.3031917256658604,-0.15548854041282237,0.42212132175204203,abnormal
2025-09-24 20:32:00,0.4448772876464684,-0.6248758924449356,0.18583971067888122,normal
2025-09-24 20:33:00,2.7608898986453405,-0.6185295425809045,-0.7575726594800005,abnormal
2025-09-24 20:34:00,2.501511457322878,-0.354135494234496,-0.04472128638152691,abnormal
2025-09-24 20:35:00,3.6120600417502478,-1.2182077295223501,-0.4432031580165715,abnormal
2025-09-24 20:36:00,-1.2085017371095943,-0.5282911572922762,0.34242827692803773,abnormal
2025-09-24 20:37:00,1.1472246841347156,0.6981102368375587,-0.45977055381296156,normal
2025-09-24 20:38:00,0.39787658909957996,-0.27677295956653525,0.23766694051941845,normal
2025-09-24 20:39:00,-1.1591963677747121,1.4056304014087062,0.3725995236226728,abnormal
2025-09-24 20:40:00,0.2665651587243084,-0.7293867469633134,-0.33281404918442503,normal
2025-09-24 20:41:00,0.6334437719879207,-1.0623136079379156,-0.5518265070197306,normal
2025-09-24 20:42:00,-1.486888657521292,0.356035546523716,0.04308581154326759,normal
2025-09-24 20:43:00,-0.17704006456611207,0.4313221463237022,-0.26579764105759823,normal
2025-09-24 20:44:00,1.0166547888525943,-0.5831041162581526,-0.13650154360367622,normal
2025-09-24 20:45:00,-0.56574975160207,-0.7441790889924896,0.2590081963677102,normal
2025-09-24 20:46:00,-0.09589658840223624,-0.5458227555919375,-0.14543668458270642,normal
2025-09-24 20:47:00,-0.2587093607587682,0.47734730209766196,-0.3898883224735621,normal
2025-09-24 20:48:00,-0.5694856971716243,0.32974676356392363,-0.42765211511169415,normal
2025-09-24 20:49:00,1.2504311350285275,-0.9497992813162682,-0.4921377040270651,normal
2025-09-24 20:50:00,0.9776034902259036,-1.3610165175415392,0.17831747742589055,normal
2025-09-24 20:51:00,-1.1450456562577183,0.06632168768259054,0.09933790251026946,normal
2025-09-24 20:52:00,1.582317617711869,1.9425922590747875,-0.6194158273348583,abnormal
2025-09-24 20:53:00,1.2053641625770335,0.8108003757951837,-0.5507570244212217,normal
2025-09-24 20:54:00,-0.6799614289448712,0.28038060594818975,0.36174797685437615,abnormal
2025-09-24 20:55:00,1.1056329757712724,-1.1907872896886211,-0.3319355605204338,normal
2025-09-24 20:56:00,-1.2453675060357943,-0.937495397426091,0.20322212222719208,normal
2025-09-24 20:57:00,1.5853953756386805,-0.36184292161530357,0.12264383252069595,abnormal
2025-09-24 20:58:00,0.5820876782949054,0.41029459313019395,-0.10967006017126883,normal
2025-09-24 20:59:00,0.4436970863072802,0.9545787172122459,0.2005906909113674,normal
2025-09-24 21:00:00,-1.3107141266478828,1.0570373842144392,9.449587787670868,abnormal
2025-09-24 21:01:00,1.176585777773631,1.7539674689986187,-0.007497015572854042,abnormal
2025-09-24 21:02:00,-1.5309863916122626,1.2128888693119062,-0.5052578408895518,normal
2025-09-24 21:03:00,-0.9160667846200299,0.5595635873772966,-0.20070510525298507,normal
2025-09-24 21:04:00,-1.0619883377020511,-1.0524611760793363,-0.30904858515549155,normal
2025-09-24 21:05:00,0.9882466611685397,-1.2018359668094873,-0.19726952443317114,normal
2025-09-24 21:06:00,-0.8458284725944918,-0.5402267908772421,0.10383036494031614,normal
2025-09-24 21:07:00,1.1921361434193674,0.10671248057640419,0.35243493533567605,abnormal
2025-09-24 21:08:00,0.5434271017248071,-1.1971215460332933,0.08104965997973033,normal
2025-09-24 21:09:00,-1.352987393935502,1.1522713197105212,-0.048232672857978,normal
2025-09-24 21:10:00,-1.5667033744140866,-0.11513886117458597,-0.09441317077189268,abnormal
2025-09-24 21:11:00,-1.387144969272583,-0.04043591376517741,-0.10582418994003724,normal
2025-09-24 21:12:00,0.21493157011357633,-0.7462998922946268,-0.2955417216856192,normal
2025-09-24 21:13:00,0.9690695099171651,-0.8613162058122531,-0.22230988947039723,normal
2025-09-24 21:14:00,-0.8753282672144396,-1.3899030889840616,-0.48398146466243563,abnormal
2025-09-24 21:15:00,1.114813699056838,1.1356723930863792,-0.5495531949521594,normal
2025-09-24 21:16:00,-1.473740445983279,0.5251234963729366,0.05166174383687754,normal
2025-09-24 21:17:00,0.984726358859308,0.6187795643910502,-0.26179118215643415,normal
2025-09-24 21:18:00,1.411664818828682,-1.113772001064624,0.13654289489793478,normal
2025-09-24 21:19:00,0.8114783140687205,-0.1745315917311546,0.008305089972867795,normal
2025-09-24 21:20:00,0.5578691782631096,-0.7321493608756398,-0.6246181310708387,normal
2025-09-24 21:21:00,0.931661967912983,0.7843341117052564,-0.5888574396152595,normal
2025-09-24 21:22:00,-1.4461616926403316,0.4896013954940609,-0.542010536077685,normal
2025-09-24 21:23:00,-0.9602105737571804,-1.1388220818272223,0.12312352091239295,normal
2025-09-24 21:24:00,-1.2613253025481892,1.076772061051834,-0.29146096918447206,normal
2025-09-24 21:25:00,0.05169575950250993,-1.107241355530116,-0.13475790549009728,normal
2025-09-24 21:26:00,0.7481058647350799,0.8964336543961149,0.13529153662930943,normal
2025-09-24 21:27:00,0.3486145178449422,-0.9508198519558777,0.41743998327299453,abnormal
2025-09-24 21:28:00,1.0730101639604444,-0.7841612215731949,-0.4977032451000328,normal
2025-09-24 21:29:00,-7.452203100200763,1.206297647712717,-0.8015484132091859,abnormal
2025-09-24 21:30:00,0.7809279757146098,-0.8180151853726931,-0.34827914118687464,normal
2025-09-24 21:31:00,-0.959300982508394,-0.4438510895065217,-0.6616711928676074,abnormal
2025-09-24 21:32:00,-0.6692834551023429,-0.3904112868576975,-0.5155999848272554,normal
2025-09-24 21:33:00,0.5932348609638748,-1.1671729569283997,-0.0891078106214355,normal
2025-09-24 21:34:00,1.5135512132344182,0.642648135902469,0.4032824462044721,abnormal
2025-09-24 21:35:00,0.367363774966152,0.8529596466353472,-0.1224975833684111,normal
2025-09-24 21:36:00,-1.4139983138660255,0.3625447738445081,-0.21351313454921136,normal
2025-09-24 21:37:00,0.4003015612923934,-0.603352544046958,-0.370849988404297,normal
2025-09-24 21:38:00,-1.4714440774660098,-0.1775606109410472,5.3575650385871025,abnormal
2025-09-24 21:39:00,1.242898936813027,-0.2730853855950812,5.3575650385871025,abnormal
2025-09-24 21:40:00,0.6993839213458027,-1.1836300747199797,5.3575650385871025,abnormal
2025-09-24 21:41:00,-1.1959966353514486,-1.3413132318714853,5.3575650385871025,abnormal
2025-09-24 21:42:00,-1.1936737669321171,1.4989152478204888,-0.2566660020476219,abnormal
2025-09-24 21:43:00,-1.1716065721257167,1.4237795146979335,-0.27527175239483437,abnormal
2025-09-24 21:44:00,1.4724231469070994,0.5424937358331617,-0.197849382399662,normal
2025-09-24 21:45:00,-0.05631404505922614,-0.13990886890743373,0.04411182310958132,normal
2025-09-24 21:46:00,0.8780867336210718,0.12869944351167853,0.12172438368988896,normal
2025-09-24 21:47:00,0.34419541177336005,-0.5723513338288966,-0.14676626758165068,normal
2025-09-24 21:48:00,0.16728695483689632,-0.4256200758326582,-0.00425830279109204,normal
2025-09-24 21:49:00,-1.0368036508446326,-0.2716690265614263,-0.08971387079173249,normal
2025-09-24 21:50:00,1.2843594116875972,-0.6006240293853209,-0.652867798260023,abnormal
2025-09-24 21:51:00,-0.541695594578879,-1.1628284003377396,-0.4282850347141155,normal
2025-09-24 21:52:00,0.24980835644980617,1.2553219408904834,-0.11134542365416396,normal
2025-09-24 21:53:00,0.5595764533312764,0.2473147835582712,0.13614243504709303,normal
2025-09-24 21:54:00,0.4395735421232321,1.8090035626030665,-0.10833479917001276,abnormal
2025-09-24 21:55:00,0.4395735421232321,1.8090035626030665,-0.38369458352835734,normal
2025-09-24 21:56:00,-1.036506048226962,0.13007691162918014,-0.14269351643326897,normal
2025-09-24 21:57:00,0.0811353270080575,-0.3171803085259672,-0.5268796673478077,normal
2025-09-24 21:58:00,-0.39863038094318837,-1.1109799059247023,0.15269650977486143,normal
2025-09-24 21:59:00,-0.0968937621958925,-1.0234899356707052,-0.33708890922782575,normal
2025-09-24 22:00:00,-1.236138728391768,-1.341305609670619,-0.3702780965063429,normal
2025-09-24 22:01:00,-1.0546476052643043,1.158492502293637,-0.010417883179867794,normal
2025-09-24 22:02:00,-0.7696080234699424,-0.5717046635014691,-0.2520610236568531,normal
2025-09-24 22:03:00,-0.5014412002803822,0.019080416273442088,-0.5509282027906931,normal
2025-09-24 22:04:00,-0.2184684141003008,-0.3809649993730184,-0.4790072587520105,normal
2025-09-24 22:05:00,0.2837022351781629,-0.21232338812959964,0.5234292350280422,abnormal
2025-09-24 22:06:00,0.38799221655630517,0.34629407352247327,-0.23288569896682249,normal
2025-09-24 22:07:00,-0.3168892851370133,-0.9096149894693004,-0.2916471924605943,normal
2025-09-24 22:08:00,-0.3559581008579125,-0.9096149894693004,0.001246081223634238,normal
2025-09-24 22:09:00,-0.8683095279819331,1.0165483292182378,-0.39681828759737936,normal
2025-09-24 22:10:00,0.20861381263520506,0.3820414741078589,-0.06794824938953775,normal
2025-09-24 22:11:00,-0.6996532549219909,0.1025939144407292,-0.4670777627927448,normal
2025-09-24 22:12:00,-1.4660491114551917,-0.7432881887836406,-0.04747284663767776,normal
2025-09-24 22:13:00,-0.3589234201564858,1.8560738864443858,-0.5628779719363048,abnormal
2025-09-24 22:14:00,-0.11881695452739448,-0.5538331720236723,0.5363270392254321,abnormal
2025-09-24 22:15:00,-0.9062097470226377,-1.3765324788569873,-0.1300893800849809,normal
2025-09-24 22:16:00,0.18135048564252834,-0.23647712428689566,0.3276695264590667,abnormal
2025-09-24 22:17:00,0.34014873920849564,1.0191365792286442,-0.015402666922443659,normal
2025-09-24 22:18:00,0.6446808268221965,0.1753139794558846,-0.7563447008769498,abnormal
2025-09-24 22:19:00,0.48739379710144504,0.5635418092157672,0.2597560251760501,normal
2025-09-24 22:20:00,0.37491937628967814,0.9405171018318775,-0.060815684727168716,normal
2025-09-24 22:21:00,-0.6067308263382479,-1.0334248547125142,-0.2539218284669375,normal
2025-09-24 22:22:00,0.921896207426717,1.036614982164149,-0.5396299165110428,normal
2025-09-24 22:23:00,0.0988195693221119,-0.16052334330680118,-0.17569856168391218,normal
2025-09-24 22:24:00,-0.14856961733103585,0.6406949371088061,0.26021027663015467,normal
2025-09-24 22:25:00,0.32815816283440125,-1.548088378245966,-0.01812659253778134,abnormal
2025-09-24 22:26:00,-0.4446864628403784,0.834428077200794,-0.28198417623868977,normal
2025-09-24 22:27:00,0.012359842210323721,-1.1431981169756977,0.2788371451973087,normal
