timestamp,temp,pressure,vibration,label
2025-09-24 20:09:00,-1.1323814636430642,0.9656954724257384,-0.23725804485486865,normal
2025-09-24 15:21:00,-0.8960978725950954,2.4574426131528173,0.28134566808780337,abnormal
2025-09-24 20:22:00,-1.025802018386753,0.45265784054369135,3.597618030789631,abnormal
2025-09-24 16:43:00,0.5813344986283641,-0.5034680767623195,-0.6782028426876751,abnormal
2025-09-24 15:52:00,0.8224335380547904,1.1728141266859662,-0.3467517456296853,normal
2025-09-24 20:42:00,-1.486888657521292,0.356035546523716,0.04308581154326759,normal
2025-09-24 20:25:00,-0.20128446180923298,-0.28239566940124755,0.2312886441846091,normal
2025-09-24 16:12:00,-1.4323840561162096,1.5789707680035372,-0.16862924095632037,abnormal
2025-09-24 15:16:00,-1.5922627213790856,-0.32479897191759316,-0.4655079425128898,abnormal
2025-09-24 21:38:00,-1.4714440774660098,-0.1775606109410472,5.3575650385871025,abnormal
2025-09-24 14:17:00,-0.256648857989691,-0.8512504372312459,2.5778308180890797,abnormal
2025-09-24 17:22:00,-1.0903427107952082,1.1705767654550614,0.1962210886239272,normal
2025-09-24 20:54:00,-0.6799614289448712,0.28038060594818975,0.36174797685437615,abnormal
2025-09-24 15:32:00,-1.3987137299594248,0.7528188513722537,0.2945053286142056,normal
2025-09-24 20:19:00,-0.705129633775616,-1.7512634148220572,0.4135188715875555,abnormal
2025-09-24 20:36:00,-1.2085017371095943,-0.5282911572922762,0.34242827692803773,abnormal
2025-09-24 22:23:00,0.0988195693221119,-0.16052334330680118,-0.17569856168391218,normal
2025-09-24 14:38:00,0.7363661575741147,0.6080868381801654,0.01667405104633721,normal
2025-09-24 19:24:00,-0.452201220678331,0.679055429235722,-0.02013890101502555,normal
2025-09-24 20:56:00,-1.2453675060357943,-0.937495397426091,0.20322212222719208,normal
2025-09-24 22:18:00,0.6446808268221965,0.1753139794558846,-0.7563447008769498,abnormal
2025-09-24 22:19:00,0.48739379710144504,0.5635418092157672,0.2597560251760501,normal
2025-09-24 18:48:00,-1.4434105286696717,-0.35212826913632916,-0.42183735352285945,normal
2025-09-24 20:04:00,0.8764450185056708,0.54745484922905,-0.3537886183168211,normal
2025-09-24 15:24:00,-0.5897010281470294,0.983229725735274,-0.24385891915460306,normal
2025-09-24 21:49:00,-1.0368036508446326,-0.2716690265614263,-0.08971387079173249,normal
2025-09-24 22:25:00,0.32815816283440125,-1.548088378245966,-0.01812659253778134,abnormal
2025-09-24 17:39:00,0.16296062926396568,0.16882839010856096,0.36282562774118393,abnormal
2025-09-24 15:49:00,0.6427261237132669,1.1765490156236882,-0.3132148881602058,normal
2025-09-24 19:42:00,-1.2577077152460987,0.9254508849977969,0.4466112161060365,abnormal
2025-09-24 22:03:00,-0.5014412002803822,0.019080416273442088,-0.5509282027906931,normal
2025-09-24 19:44:00,-1.2780745444796044,1.4018269118328095,-0.382253357579359,abnormal
2025-09-24 21:28:00,1.0730101639604444,-0.7841612215731949,-0.4977032451000328,normal
2025-09-24 17:01:00,1.372298498442269,0.6260869465722032,0.08342121650985887,normal
2025-09-24 14:10:00,1.0776500867969818,1.0674867740324712,-0.5426340164658008,normal
2025-09-24 19:41:00,1.1188878196193321,0.35596456216131406,0.21384176492579698,normal
2025-09-24 20:57:00,1.5853953756386805,-0.36184292161530357,0.12264383252069595,abnormal
2025-09-24 15:18:00,-0.8490162563705059,-0.09917416284030553,0.3679883977396418,abnormal
2025-09-24 17:37:00,-0.014739432867171075,-0.24927992970087604,-0.33521291129661707,normal
2025-09-24 15:11:00,0.8264527890327128,0.34401066971222394,-0.30125293320618685,normal
2025-09-24 20:32:00,0.4448772876464684,-0.6248758924449356,0.18583971067888122,normal
2025-09-24 15:41:00,-0.3859263264104271,1.040711243018918,-0.698143926681756,abnormal
2025-09-24 22:13:00,-0.3589234201564858,1.8560738864443858,-0.5628779719363048,abnormal
2025-09-24 17:13:00,0.5182868633356069,-0.6360007681780365,0.12841232824404328,normal
2025-09-24 14:41:00,-0.4631585449837041,0.6373933675517073,0.12178045621838011,normal
2025-09-24 15:25:00,-0.5897010281470294,0.983229725735274,-0.40655239905495155,normal
2025-09-24 14:08:00,0.9265170511079363,0.680611091549705,-0.7676882384950344,abnormal
2025-09-24 14:19:00,1.4147313861032074,0.8404536702138914,-0.12783072057002193,normal
2025-09-24 21:03:00,-0.9160667846200299,0.5595635873772966,-0.20070510525298507,normal
2025-09-24 14:30:00,1.4889529596664177,-0.9578204610002664,0.34581804267608235,abnormal
2025-09-24 15:20:00,1.1762309328125158,1.0401641399823656,-0.18012244585799816,normal
2025-09-24 17:10:00,-0.08287993396186162,-0.5969884982717794,-0.7024785139539178,abnormal
2025-09-24 16:19:00,1.2509662485455908,1.0442892362848633,0.1676938845770697,normal
2025-09-24 20:58:00,0.5820876782949054,0.41029459313019395,-0.10967006017126883,normal
2025-09-24 17:21:00,1.0209521731961098,-0.7900602864328563,0.1786386994095497,normal
2025-09-24 15:03:00,0.9006112786049378,-0.704909331172686,-0.07748938616250271,normal
2025-09-24 16:36:00,-0.19556592437001977,0.25298035876960817,-0.04985256659196574,normal
2025-09-24 14:26:00,1.0097442405778558,-0.9153130388948197,-0.4954951247240725,normal
2025-09-24 17:32:00,-1.4369604238984914,-0.44403223346103715,-0.6805995209580831,abnormal
2025-09-24 15:26:00,0.1293951933406327,0.6744761271743454,0.05560579614243373,normal
2025-09-24 22:22:00,0.921896207426717,1.036614982164149,-0.5396299165110428,normal
2025-09-24 18:30:00,-0.6256719151589193,-1.234575972512777,-0.5833466801830796,normal
2025-09-24 19:31:00,0.058500714826201165,0.5107824602636605,0.27049531203152904,normal
2025-09-24 22:11:00,-0.6996532549219909,0.1025939144407292,-0.4670777627927448,normal
2025-09-24 15:27:00,0.9922491912963176,-0.37177278393140506,-0.23026977773397242,normal
2025-09-24 14:47:00,0.466521615630108,1.5173307094054829,-0.34460078596750715,abnormal
2025-09-24 21:39:00,1.242898936813027,-0.2730853855950812,5.3575650385871025,abnormal
2025-09-24 14:54:00,-0.4747065364445666,-0.33577691498660894,-0.23291225488319992,normal
2025-09-24 18:06:00,-1.6080352809916514,-0.36473803822534506,-0.41759073745473674,abnormal
2025-09-24 20:39:00,-1.1591963677747121,1.4056304014087062,0.3725995236226728,abnormal
2025-09-24 20:00:00,0.22950871350960517,1.347399368787643,-0.43093986311491994,normal
2025-09-24 19:49:00,4.217221102122707,0.5539383649261983,0.280058190081535,abnormal
2025-09-24 18:45:00,0.01147419257933117,-0.9660435887597215,-0.5792206822997086,normal
2025-09-24 18:58:00,1.0039586889473753,-1.0787485644148649,-0.14153408999260617,normal
2025-09-24 19:25:00,0.6034659692036674,0.6028172696539302,-0.6866263576997805,abnormal
2025-09-24 19:12:00,1.0620437551468924,-0.9109278595071364,0.07603372792495541,normal
2025-09-24 18:36:00,-1.1892047692802867,-0.4839489096880098,0.10440989728406923,normal
2025-09-24 15:17:00,-0.150185305492904,-0.037534554711872066,-0.3366933322936985,normal
2025-09-24 21:43:00,-1.1716065721257167,1.4237795146979335,-0.27527175239483437,abnormal
2025-09-24 21:53:00,0.5595764533312764,0.2473147835582712,0.13614243504709303,normal
2025-09-24 16:42:00,-1.2578494067523196,1.0887815140807673,-0.3980575495817375,normal
2025-09-24 15:30:00,1.006433820817854,-0.5734817225546671,0.20206337664686413,normal
2025-09-24 22:05:00,0.2837022351781629,-0.21232338812959964,0.5234292350280422,abnormal
2025-09-24 17:00:00,-0.7451730207132641,1.248269322005594,-0.4040727847903871,normal
2025-09-24 19:29:00,-0.04457690526491727,0.24867043056759097,-0.290429310881173,normal
2025-09-24 15:38:00,-1.1766424336963095,1.3701615465874495,-0.6562589751717147,abnormal
2025-09-24 17:08:00,1.1397441095637362,-1.229914759949975,0.16723792816071875,normal
2025-09-24 21:02:00,-1.5309863916122626,1.2128888693119062,-0.5052578408895518,normal
2025-09-24 19:20:00,-0.9085489543893557,1.513189449226717,-0.12046287462903718,abnormal
2025-09-24 18:46:00,1.1311082634571334,0.4870744179659491,0.5493715668926205,abnormal
2025-09-24 20:29:00,1.3743536048226659,0.21258555249834704,-0.45126293561401126,normal
2025-09-24 22:00:00,-1.236138728391768,-1.341305609670619,-0.3702780965063429,normal
2025-09-24 20:10:00,-1.1323814636430642,1.0757765169779414,0.051488527889425706,normal
2025-09-24 19:32:00,1.1427022458508167,1.03488752587141,-0.26931129003140347,normal
2025-09-24 21:19:00,0.8114783140687205,-0.1745315917311546,0.008305089972867795,normal
2025-09-24 19:55:00,-0.7624169296828394,0.4904600713389753,-0.5650621795619472,normal
2025-09-24 15:34:00,0.5934167253100654,-0.7192800781300938,0.04933354284580909,normal
2025-09-24 15:23:00,-0.7348128415204115,0.2007937142755729,-0.18165398462941815,normal
2025-09-24 21:26:00,0.7481058647350799,0.8964336543961149,0.13529153662930943,normal
2025-09-24 14:23:00,-0.8543633965357148,-0.7016180982117862,-0.4682864617998894,normal
